{"cameraMode":{"drawMode":0,"name":"Shaded","section":"Shading Mode"},"sceneLighting":false,"audioPlay":false,"sceneViewState":{"showFog":true,"showMaterialUpdate":false,"showSkybox":false,"showFlares":true,"showImageEffects":true,"showParticleSystems":true},"in2DMode":false,"pivot":{"x":-41.87683868408203,"y":-21.870315551757814,"z":2.257382392883301},"rotation":{"x":0.3564678132534027,"y":-0.008409039117395878,"z":0.0032082763500511648,"w":0.9342645406723023},"size":39.39983367919922,"orthographic":true}