{"cameraMode":{"drawMode":0,"name":"Shaded","section":"Shading Mode"},"sceneLighting":true,"audioPlay":false,"sceneViewState":{"showFog":true,"showMaterialUpdate":false,"showSkybox":true,"showFlares":true,"showImageEffects":true,"showParticleSystems":true},"in2DMode":false,"pivot":{"x":312.17669677734377,"y":-262.9808654785156,"z":0.0},"rotation":{"x":0.3564678132534027,"y":-0.008409039117395878,"z":0.0032082763500511648,"w":0.9342645406723023},"size":378.6180114746094,"orthographic":true}